smiles,y
CCN2c1nc(C)cc(C)c1NC(=O)c3cccnc23 ,-0.7176757962209876
Oc1c(Cl)cccc1Cl,0.6013337611240355
Cc1c(C)c2c3ccccc3ccc2c4ccccc14,-1.8897045490572324
CCCCC(C)CC,-1.006865301196055
CC(C)CC(C)(C)O,1.0165068128209134
CN(C)C(=O)Nc1ccccc1,0.6920037379313996
CC(C)CCO,1.2121630785631203
O=C1N(COC(=O)CCCC)C(=O)C(N1)(c2ccccc2)c3ccccc3,-0.7768498863478998
CCN(CC)c1nc(Cl)nc(NC(C)C)n1,-0.35070099535328825
CC(C)C(Nc1ccc(cc1Cl)C(F)(F)F)C(=O)OC(C#N)c2cccc(Oc3ccccc3)c2,-2.3635744804767724
Ic1ccccc1,0.0191370679399078
OCC(O)C2OC1OC(OC1C2O)C(Cl)(Cl)Cl ,0.5774732409115712
CCOc1ccccc1,0.3436401428294215
Oc1ccccn1,1.9422949970645265
Nc1ncnc2n(ccc12)C3OC(CO)C(O)C3O ,0.5249800964441499
CC(C)c1ccc(C)cc1,-0.3435428392895489
C1SC(=S)NC1(=O),0.6108779692090212
OCc1ccccc1,1.2646562230305416
CN(C)C(=O)Oc1nc(nc(C)c1C)N(C)C,0.5249800964441499
CC(C)(C)CCO,1.2169351826056132
ClCCl,1.1548978300532062
CC(=O)Nc1ccc(Cl)cc1,0.09883120544953833
Clc1ccc(cc1)c2c(Cl)cccc2Cl ,-1.4745314973603545
CCCCCBr,-0.014267660357542284
C/C=C/C=O,1.6082477140900269
CC(C)C(C(=O)OC(C#N)c1cccc(Oc2ccccc2)c1)c3ccc(OC(F)F)cc3,-1.8257583548878284
CC(C)=CC3C(C(=O)OCc2cccc(Oc1ccccc1)c2)C3(C)C ,-1.0450421335359978
CC1(C)C(C=C(Cl)Cl)C1C(=O)OC(C#N)c2cccc(Oc3ccccc3)c2,-2.3702554261362634
CCOC(=O)NCCOc2ccc(Oc1ccccc1)cc2,-0.787348515241384
CC(=O)C1(O)CCC2C3CCC4=CC(=O)CCC4(C)C3CCC21C,-0.3659717282892654
O=C1N(COC(=O)CCCCCCC)C(=O)C(N1)(c2ccccc2)c3ccccc3,-1.6573030821878303
Clc1c(Cl)c(Cl)c(c(Cl)c1Cl)c2c(Cl)c(Cl)c(Cl)c(Cl)c2Cl ,-4.0801003045614515
ClCC(Cl)Cl,0.7492689864413138
Cc1c2ccccc2cc3ccccc13,-1.355228896298033
CCCCOC(=O)c1ccc(N)cc1,-0.01522208116604075
Nc1c(C)c[nH]c(=O)n1 ,0.759767615334798
CNC(=O)C(C)SCCSP(=O)(OC)(OC),2.0014690871914382
CC1(O)CCC2C3CCC4=CC(=O)CCC4(C)C3CCC21C,-0.4528240218626353
CCCCl,0.7540410904838066
C1CCCCC1,-0.023811868442527997
CC(=O)C3CCC4C2CC=C1CC(O)CCC1(C)C2CCC34C ,-0.7634879950289201
CC(=C)C(=C)C,0.3102354145319716
NC(=O)c1cnccn1,1.137241045095983
CNC(=O)ON=C(SC)C(=O)N(C)C,1.5061246875806795
CC(=O)CC(c1ccccc1)c3c(O)c2ccccc2oc3=O ,-0.4022397190122109
CC(=O)OCC(=O)C3(O)CCC4C2CCC1=CC(=O)CCC1(C)C2C(=O)CC34C ,-0.5535154171592344
c1ccccc1,0.6729153217614282
OCC(O)C(O)CO,1.7895876677047553
CCCCCC(C)O,0.7158642581438638
N(=Nc1ccccc1)c2ccccc2,-0.6680459141790628
CCNc1nc(Cl)nc(NC(C)(C)C#N)n1,-0.04767238865499216
CCCCBr,0.3245517266594501
CCC(=O)OC,1.3887309281353557
ClCC#CCOC(=O)Nc1cccc(Cl)c1,-0.62986908183912
ClC(Cl)(Cl)C(Cl)(Cl)Cl,-0.2958217988646204
CCOP(=S)(OCC)SCCSCC,-0.5630596252442203
O=c1[nH]cnc2[nH]ncc12 ,0.3741816087013757
CCN2c1ccccc1N(C)C(=O)c3ccccc23 ,-0.8107318250495988
ClC(Cl)CC(=O)NC2=C(Cl)C(=O)c1ccccc1C2=O,-0.9448279486436482
Fc1cccc(F)c1,0.5011195762316856
CC3C2CCC1(C)C=CC(=O)C(=C1C2OC3=O)C,-0.019039764400035037
OCC(NC(=O)C(Cl)Cl)C(O)c1ccc(cc1)N(=O)=O,0.4481492213600149
Cc1ccc(cc1)N(=O)=O,0.2672864781495358
Cc1ccc2cc(C)ccc2c1,-0.8780184920487479
CCCC,0.2291096458095932
CCCN(CCC)c1c(cc(cc1N(=O)=O)C(C)C)N(=O)=O,-1.6415551388476044
CCNc1nc(NC(C)(C)C)nc(OC)n1,-0.09014411463317852
O=C1c2ccccc2C(=O)c3ccccc13,-1.021181613323534
c2ccc1scnc1c2 ,0.7397247783563281
CCOC(=O)CCN(SN(C)C(=O)Oc1cccc2CC(C)(C)Oc21)C(C)C,-0.7921206192838769
CC(=O)C3(C)CCC4C2C=C(C)C1=CC(=O)CCC1(C)C2CCC34C,-1.0593584456634764
ClCCCl,0.9496973562260136
Clc1ccccc1N(=O)=O,0.2386538538945789
C1Cc2cccc3cccc1c23,-0.7539437869439342
c1(O)cc(O)ccc1CCCCCC,0.2195654377246075
CC2=CC(=O)c1ccccc1C2=O ,0.009592859854922094
CC1(C)C2CCC1(C)C(=O)C2,0.520207992401657
Cc1cccc(C)n1,1.670285066642434
O=C1NC(=O)NC(=O)C1(CC)C(C)CC,0.31500751857446435
CCCCC(=O)OC,0.8160784430362137
CC2Nc1cc(Cl)c(cc1C(=O)N2c3ccccc3C)S(N)(=O)=O ,-0.3483149433320417
c1c(NC(=O)c2ccccc2(I))cccc1,-0.5535154171592344
CCOP(=S)(OCC)Oc1cc(C)nc(n1)C(C)C,-0.28150548673714193
CCCCCCCCCCCCCCCCCCO,-2.553027010963739
C1CC=CC1,0.453398535806757
CCC(=O)CC,1.3219214715404557
CC(C)SC(C)C,0.3865890792118571
O=C1NC(=O)NC(=O)C1(C)C,0.6242398605280012
Nc1ncnc2nc[nH]c12 ,0.44385432772177136
CC1=CCC(CC1)C(C)=C,-0.5773759373716985
CCC1(C(=O)NCNC1=O)c2ccccc2,0.1957049175121431
CCOP(=S)(CC)Oc1cc(Cl)c(Cl)cc1Cl,-1.2893738605116327
Clc1ccc(Cl)c(c1)c2ccc(Cl)c(Cl)c2,-2.004235046077061
c1ccc2cc3c4cccc5cccc(c3cc2c1)c45,-2.5959759473461745
CCOP(=S)(OCC)ON=C(C#N)c1ccccc1,-0.8646566007297682
COc2ncc1nccnc1n2,0.9258368360135492
O=C2NC(=O)C1(CCC1)C(=O)N2,0.665757165697689
O=Cc1ccco1,1.4078193443053268
CCC(=C(CC)c1ccc(O)cc1)c2ccc(O)cc2 ,-0.4867059605643346
Nc1nc(O)nc2nc[nH]c12 ,-0.16745220012156264
CCOP(=S)(OCC)Oc2ccc1oc(=O)c(Cl)c(C)c1c2,-1.1128060109393971
CCCC(=O)CC,1.059455749203349
CN(C)C(=O)C(c1ccccc1)c2ccccc2 ,0.03345338006738626
Clc1ccccc1Br,-0.06676080482496358
CCC(Br)(CC)C(=O)NC(N)=O,0.1766165013421717
CCCCCCC=C,-0.6632738101365699
CCCCCCCCCC(=O)OC,-0.7825764111988913
c1ccc2ncccc2c1,0.835166859206185
COc1ccccc1,0.5727011368690783
COC1=CC(=O)CC(C)C13Oc2c(Cl)c(OC)cc(OC)c2C3=O,-0.09348458746292378
c1ccc(Cl)cc1C(c2ccc(Cl)cc2)(O)C(=O)OC(C)C,-0.7062227465190056
Oc1ccccc1O,1.7514108353648123
c1ccc2c(c1)cc3ccc4cccc5ccc2c3c45,-2.6957129218342746
CCN(CC)C(=O)C(=CCOP(=O)(OC)OC)Cl,1.7051214261526315
Cc1ccc(cc1N(=O)=O)N(=O)=O,0.10980704474727193
c1ccccc1(OC(=O)NC),0.5951300258687948
COP(=O)(NC(C)=O)SC ,1.7132340030248696
Cc1ccccc1n3c(C)nc2ccccc2c3=O,0.059699952301097016
CCc1cccc(CC)c1N(COC)C(=O)CCl ,-0.10016553312241347
Cc1c(F)c(F)c(COC(=O)C2C(C=C(Cl)C(F)(F)F)C2(C)C)c(F)c1F,-2.038116984778761
CNc2cnn(c1cccc(c1)C(F)(F)F)c(=O)c2Cl,-0.4752529108623517
CN(C)C(=O)Oc1cc(C)nn1c2ccccc2,0.45817063984925
O=C1NC(=O)NC(=O)C1(CC)C(C)C,0.4304924364027913
CC(C)=CCCC(O)(C)C=C,0.5058916802741784
CCCc1ccccc1,-0.15265867758983495
ClC(Cl)C(c1ccc(Cl)cc1)c2ccc(Cl)cc2 ,-1.9803745258645968
Oc2ccc1CCCCc1c2 ,0.5058916802741784
CCOP(=S)(OCC)SCSP(=S)(OCC)OCC,-1.1882052548107835
CC1(OC(=O)N(C1=O)c2cc(Cl)cc(Cl)c2)C=C,-0.8947208561974731
CCCC(C)(COC(N)=O)COC(N)=O ,0.5932211842517976
CCOP(=S)(OCC)Oc1nc(Cl)n(n1)C(C)C,-0.2900952740136289
Clc1cccc(c1Cl)c2cccc(Cl)c2Cl,-2.01855135820454
CCC2NC(=O)c1cc(c(Cl)cc1N2)S(N)(=O)=O,-0.11448184524989212
Clc1cccc(I)c1,-0.2385565503547061
CC(=O)OCC(=O)C3(O)C(CC4C2CCC1=CC(=O)C=CC1(C)C2(F)C(O)CC34C)OC(C)=O ,-0.5153385848192915
CCc1ccccc1CC,-0.10970974120739917
COC(=O)c1ccccc1,0.5727011368690783
C1C(O)CCC2(C)CC3CCC4(C)C5(C)CC6OCC(C)CC6OC5CC4C3C=C21,-2.037639774374511
Clc1cccc2ccccc12,-0.4198965039694346
CC12CCC(CC1)C(C)(C)O2,0.6251942813364997
Cc1ccc(OP(=O)(Oc2cccc(C)c2)Oc3ccccc3C)cc1,-1.412494144807947
CON(C)C(=O)Nc1ccc(Cl)cc1,0.2291096458095932
O=C1NC(=O)NC(=O)C1(C(C)C)C(C)C,0.13557640657673325
COC(C)(C)C,1.341009887710427
Clc1ccccc1c2ccccc2,-0.7109948505614985
CCN(CC)c1nc(Cl)nc(n1)N(CC)CC,-0.6494347084133408
COP(=S)(OC)Oc1cc(Cl)c(Cl)cc1Cl,-1.2741031275756547
CC(C)I,0.45817063984925
c2ccc1NCCc1c2 ,0.9592415643109992
c1cC2C(=O)NC(=O)C2cc1,0.05635947947135196
CCCCCl,0.4868032641042072
c2cnc1ncncc1n2,1.4650845928152414
Oc2ncc1nccnc1n2,0.5264117276568977
CCCCCCCCCO,0.0191370679399078
COP(=S)(OC)Oc1ccc(SC)c(C)c1,-0.7253111626889771
CCCCCCCCCCO,-0.276733382694649
Clc1cc(Cl)c(cc1Cl)c2cccc(Cl)c2Cl ,-1.9851466299070892
CCCCC(=O)CCCC,0.22433754176710025
COC(C)(C)CCCC(C)CC=CC(C)=CC(=O)OC(C)C,-1.021181613323534
Clc1ccc(c(Cl)c1)c2cc(Cl)ccc2Cl ,-1.6797319711875471
Nc1ccc(cc1)S(=O)(=O)c2ccc(N)cc2,-0.020948606017032176
Cc1ccccc1Br,0.3913611832543501
CCOP(=S)(OCC)SC(CCl)N1C(=O)c2ccccc2C1=O,-1.569973578210211
CCNP(=S)(OC)OC(=CC(=O)OC(C)C)C,-0.1707926729513077
CC(=O)N,2.209532823444126
CCC#N,1.5891592979200555
NC(=O)N,1.9136623728095687
CNC(=O)C=C(C)OP(=O)(OC)OC,1.76620435789654
Cc1cc(no1)C(=O)NNCc2ccccc2,0.2811255798727653
ClC1C(Cl)C(Cl)C(Cl)C(Cl)C1Cl,-0.7587158909864268
CCCCC#C,0.32932383070194304
CN2C(=O)CN=C(c1ccccc1)c3cc(Cl)ccc23,-0.3359074728215604
CCOP(=S)(OCC)Oc1ccc(cc1)N(=O)=O,-0.7682600990714127
CCCCCCC#C,-0.2910496948221276
CSc1nc(NC(C)C)nc(NC(C)C)n1,-0.5010222726918128
CCCOC=O,1.2217072866481058
Nc2cnn(c1ccccc1)c(=O)c2Cl,0.08212884130081327
O=C1NC(=O)C(=O)N1 ,1.2646562230305416
CCOC(=O)C,1.4364519685602843
COc1ccccc1O,0.520207992401657
CC(C)C1CCC(C)CC1O ,0.24819806197956465
CCCC(=C)C,0.009592859854922094
CCN(CC)C(=S)SCC(Cl)=C,-0.16220288567482066
CC(C)CCOC=O,0.7301805702713424
CC(=O)Nc1ccccc1,0.8208505470787065
CC(=O)Nc1cc(NS(=O)(=O)C(F)(F)F)c(C)cc1C,-0.09062132503742797
O=c1cc[nH]c(=O)[nH]1 ,0.7454513032073194
CCCC(C)C,-0.3292265271620705
OC1C=CC2C1C3(Cl)C(=C(Cl)C2(Cl)C3(Cl)Cl)Cl ,-1.1500284224708406
CCCCC(CC)C=O,0.43908222367927857
CCN2c1ccccc1N(C)C(=O)c3cccnc23 ,-0.13070699899436772
NS(=O)(=O)c2cc1c(NC(NS1(=O)=O)C(Cl)Cl)cc2Cl ,0.1766165013421717
CCCCC=O,1.0499115411183633
CCCCCC,-0.3769475675869988
CCOC(=O)c1cncn1C(C)c2ccccc2,-0.8040508793901091
O=C1NCCN1c2ncc(s2)N(=O)=O,-0.08107711695244225
CCCCNC(=O)n1c(NC(=O)OC)nc2ccccc12,-0.8746780192190031
Clc1cccc(Cl)c1Cl,-0.4533012322668845
O=C1CCC(=O)N1,1.5987035060050412
c1cc2ccc(OC)c(CC=C(C)(C))c2oc1=O ,-0.60314529920116
CC(=O)CCC1C(=O)N(N(C1=O)c2ccccc2)c3ccccc3,-0.10493763716490642
CCCCOCN(C(=O)CCl)c1c(CC)cccc1CC ,-0.5439712090742488
NS(=O)(=O)c2cc1c(NCNS1(=O)=O)cc2Cl ,0.20047702155463606
CCCCCCCC=C,-0.9543721567286336
CCNC(=S)NCC,0.7588131945262995
c1ccc2cc3ccccc3cc2c1,-1.5747456822527042
OCC(O)COC(=O)c1ccccc1Nc2ccnc3cc(Cl)ccc23,-0.725788373093227
Brc1cc(Br)cc(Br)c1,-1.2168378790657404
CBr,1.0785441653733203
COc5cc4OCC3Oc2c1CC(Oc1ccc2C(=O)C3c4cc5OC)C(C)=C ,-0.6537296020515841
o1c2ccccc2c3ccccc13,-0.7396274748164553
NC(=O)CCl ,1.44599617664527
Oc1cc(Cl)c(Cl)cc1Cl,0.4009053913393357
CCC1(CCC(C)C)C(=O)NC(=O)NC1=O,0.27778510704302023
CCCCCCCCC(=O)C,-0.11925394929238488
OC4=C(C1CCC(CC1)c2ccc(Cl)cc2)C(=O)c3ccccc3C4=O,-1.3747945228722542
CCCCCCCCC(=O)OCC,-0.3578591514170274
c1cc2ccc3cccc4ccc(c1)c2c34,-1.4917110719133289
Fc1cccc(Br)c1,0.18138860538466464
O=C1NC(=O)NC(=O)C1(CC)C(C)CCC,0.31500751857446435
CCN(CC)c1ccccc1,0.009592859854922094
CC12CCC3C(CCc4cc(O)ccc34)C2CCC1O,-0.9448279486436482
C1OC1c2ccccc2 ,0.6920037379313996
CC(=O)OC3(C)CCC4C2CCC1=CC(=O)CCC1(C)C2CCC34C ,-1.0660393913229664
CN(C)c2c(C)n(C)n(c1ccccc1)c2=O ,1.281835797583516
CC(C)(C)c1ccccc1,-0.2910496948221276
CCCCCCCCCCCC(=O)OC,-0.7825764111988913
CCN2c1ncccc1N(C)C(=O)c3cccnc23 ,0.2052491255971288
CC34CC(O)C1(F)C(CCC2=CC(=O)CCC12C)C3CCC4(O)C(=O)CO ,-0.18129130184479209
OC(C(=O)c1ccccc1)c2ccccc2,0.09549073261979328
OC(c1ccc(Cl)cc1)(c2cncnc2)c3ccccc3Cl,-0.6346411858816128
CCCCC1C(=O)N(N(C1=O)c2ccccc2)c3ccccc3 ,-0.3626312554595204
CN(C(=O)NC(C)(C)c1ccccc1)c2ccccc2,-0.14311446950484924
O=C1NC(=O)NC(=O)C1(CC)CC=C,0.6853227922719095
OC1CCCCCCC1,0.8399389632486779
O2c1cc(C)ccc1N(C)C(=O)c3cc(N)cnc23 ,0.0033891245996812234
CCNc1nc(Cl)nc(NC(C)C)n1,-0.3817196716294918
Cc1ccccc1Cl,-0.2242402382272277
CCOC=C,1.0499115411183633
Oc1cc(Cl)ccc1Oc2ccc(Cl)cc2Cl,-0.6728180182215556
CC,0.806534234951228
CCOP(=S)(OCC)SCSC(C)(C)C,-0.8135950874750947
CCCCCC(C)(C)O,0.6347384894214854
CCC(O)(CC)CC,1.0499115411183633
C1CCOCC1,1.4412240726027772
CCCCCCCCC=C,-1.1738889426833048
Oc1ccc(C=O)cc1,0.997418396650942
Clc1c(Cl)c(Cl)c(N(=O)=O)c(Cl)c1Cl,-1.321824168000583
c1(O)c(C)ccc(C(C)C)c1,0.4629427438917427
CCCC/C=C/C,-0.3674033595020131
O=N(=O)c1cc(cc(c1)N(=O)=O)N(=O)=O,0.07640231644982184
C=Cc1ccccc1,0.10980704474727193
CC(C)C=C,0.1527559811297075
C=CC=C,0.5631569287840926
CCC(CC)CO,0.8972042117585922
CCOCCOCC,1.0880883734583062
CCOP(=S)(OCC)SCn1c(=O)oc2cc(Cl)ccc12,-1.0417016607062528
O=N(=O)c1c(Cl)c(Cl)ccc1,-0.20515182205725627
O2c1ccccc1N(CC)C(=O)c3ccccc23 ,-0.3005939029071133
Cc1ccc(C)c2ccccc12,-0.5201106888617842
c1c(Cl)cccc1c2ccccc2,-0.8732463880062553
OCCOc1ccccc1,1.121493101755756
Clc1ccc(c(Cl)c1Cl)c2ccc(Cl)c(Cl)c2Cl ,-2.366914953306517
Cc1cc(=O)[nH]c(=S)[nH]1,0.2930558399789973
C1CCC=CCC1,-0.061988700782470825
CCN2c1ncccc1N(C)C(=S)c3cccnc23 ,-0.7558526285609314
c1ccc2c(c1)c3cccc4ccc5cccc2c5c43,-2.266700768414168
Oc1c(I)cc(C#N)cc1I,-0.26718917460966324
CCCN(CCC)c1c(cc(cc1N(=O)=O)S(N)(=O)=O)N(=O)=O,-1.006865301196055
ClC(=C)Cl,0.6729153217614282
Clc1cccc(n1)C(Cl)(Cl)Cl,-0.33877073524705603
O=Cc2ccc1OCOc1c2 ,0.677687425803921
Fc1ccccc1,0.5965616570815425
Nc3ccc2cc1ccccc1cc2c3 ,-1.011637405238548
Oc1ccc(Cl)cc1Cl,0.7158642581438638
Fc1cccc(F)c1C(=O)NC(=O)Nc2ccc(Cl)cc2,-1.4172662488504402
O=C2NC(=O)C1(CCCCC1)C(=O)N2,-0.0047234522725565775
Cc1cc(C)c(C)c(C)c1C,-0.4533012322668845
c1ccc2c(c1)ccc3c4ccccc4ccc23,-2.389343842306234
Cc1cc(C)cc(O)c1,0.7874458187812566
Clc1cc(Cl)c(Cl)cc1Cl,-1.197749462895769
OCCCC=C,1.3839588240928629
ClC(Cl)(Cl)Cl,0.3531843509144072
Oc1cccc(Cl)c1Cl,0.835166859206185
O=C(C=CC=Cc2ccc1OCOc1c2)N3CCCCC3,-0.19560761397227056
CCOC(=O)c1ccccc1S(=O)(=O)NN(C=O)c2nc(Cl)cc(OC)n2,-0.728174425114473
COc1ccc(cc1)C(c2ccc(OC)cc2)C(Cl)(Cl)Cl,-1.832439300547318
FC(F)(F)c1ccccc1,0.2577422700645503
Nc2nc1[nH]cnc1c(=O)[nH]2 ,-0.2543044936949327
Oc1c(Br)cc(C#N)cc1Br ,-0.13357026141986356
OC1CCCCCC1,1.035595228990885
CON(C)C(=O)Nc1ccc(Cl)c(Cl)c1,-0.2585993873331762
OC(Cn1cncn1)(Cn2cncn2)c3ccc(F)cc3F ,0.5965616570815425
CC(C)(C)CO,1.2646562230305416
COP(=S)(OC)Oc1ccc(N(=O)=O)c(C)c1,-0.4723896484368559
CCCCC(O)CC,0.7540410904838066
Oc1c(Cl)ccc(Cl)c1Cl,0.1957049175121431
O=C1NC(=O)C(=O)C(=O)N1 ,0.8590273794186494
CCCC(O)CC,1.0737720613308277
COc1c(O)c(Cl)c(Cl)c(Cl)c1Cl ,-0.46284544035187
CCCC(C)CO,0.9258368360135492
C=C,1.2646562230305416
CCCCOCCO,1.255112014945556
COC(=O)C1=C(C)NC(=C(C1c2ccccc2N(=O)=O)C(=O)OC)C ,-0.8159811394963409
Oc1c(Cl)cc(Cl)cc1Cl,0.3388680387869287
CCCCCCCCCCCCCCCCO,-1.88493244501474
CCC(C)c1cc(cc(N(=O)=O)c1O)N(=O)=O ,-0.1574307816323277
BrCBr,0.8972042117585922
O=N(=O)c1ccc(cc1)N(=O)=O,-0.16220288567482066
CCC(=C)C,0.1527559811297075
CNC(=O)Oc1ccc(N(C)C)c(C)c1,0.32932383070194304
CCOC(=O)c1ccc(N)cc1,0.207157967214126
CC(Cl)CCl,0.6920037379313996
CCN(CC)C(=O)CSc1ccc(Cl)nn1,0.6366473310384826
C1OC(O)C(O)C(O)C1O,1.6416524423874768
O=N(=O)c1cc(Cl)c(Cl)cc1,-0.07153290886745654
C/C1CCCCC1\C,-0.5964643535416699
c1ccsc1,0.8208505470787065
O=C2NC(=O)C1(CCCCCCC1)C(=O)N2,0.03249895925888758
Cc1ccc(O)cc1,1.1071767896282776
CCCOCCC,0.6824595298464139
OCC1OC(CO)(OC2OC(COC3OC(CO)C(O)C(O)C3O)C(O)C(O)C2O)C(O)C1O,1.2598841189880488
Cc1[nH]c(=O)n(c(=O)c1Cl)C(C)(C)C,0.2701497405750317
CCC(C)C1(CC=C)C(=O)NC(=O)NC1=O,0.493484209763697
Clc1ccc(Cl)c(c1)c2cccc(Cl)c2Cl ,-1.6320109307626185
COc1ccc(C=CC)cc1,-0.03812818057000645
CCC=C,0.5297522004866427
COP(=O)(OC)OC(Br)C(Cl)(Cl)Br,0.3675006630418859
O=C2NC(=O)C1(CCCC1)C(=O)N2,0.334573145148685
CCC(C)(C)CO,0.9592415643109992
COc2cc1c(N)nc(nc1c(OC)c2OC)N3CCN(CC3)C(=O)OCC(C)(C)O ,-0.2805510659286433
NC(=O)NCc1ccccc1 ,1.0021905006934348
Cc2c(N)c(=O)n(c1ccccc1)n2C,1.1577610924787018
c1cnc2c(c1)ccc3ncccc23,0.1766165013421717
NC(=O)NC1NC(=O)NC1=O ,0.6920037379313996
CCNc1nc(Cl)nc(n1)N(CC)CC,-0.4819338565218414
O=C1N(COC(=O)CCCCCC)C(=O)C(N1)(c2ccccc2)c3ccccc3,-1.5513623724444894
Cc1ccccc1O,1.1596699340956989
ClC(Cl)=C(c1ccc(Cl)cc1)c2ccc(Cl)cc2,-1.8372114045898116
CC12CCC3C(CCc4cc(O)ccc34)C2CCC1=O,-0.43182676407566667
Clc1ccc(cc1)c2ccccc2Cl ,-1.0641305497059694
CC(C)OC(=O)C,1.1930746623931492
Ic1cccc2ccccc12,-0.7157669546039912
c2ccc1[nH]ncc1c2 ,0.4247659115518
CCSSCC,0.3006912064469859
C1CCc2ccccc2C1,-0.62986908183912
CCSC(=O)N(CC(C)C)CC(C)C,-0.3005939029071133
O=C1NC(=O)NC(=O)C1(CC)CC,0.3102354145319716
Clc1cccc(c1Cl)c2c(Cl)c(Cl)cc(Cl)c2Cl ,-2.648469091813596
COP(=S)(OC)SCC(=O)N(C(C)C)c1ccc(Cl)cc1,-0.6594561269025758
CCCOC(=O)CCC,0.6204221772940068
O=c2[nH]c1CCCc1c(=O)n2C3CCCCC3,-0.7367642123909591
NS(=O)(=O)c3cc2c(NC(Cc1ccccc1)NS2(=O)=O)cc3C(F)(F)F,-0.25764496652467755
Oc1cccc(c1)N(=O)=O,0.973557876438478
CN(C)C(=O)Nc2ccc(Oc1ccc(Cl)cc1)cc2,-0.8780184920487479
CCCCCC=C,-0.3244544231195775
Cc1c(C)c(C)c(C)c(C)c1C,-1.0402700294935052
Cc1cccc2c(C)cccc12,-0.7773270967521483
CSc1nc(nc(n1)N(C)C)N(C)C,0.17852534295916886
Oc1ccc(Cl)cc1,1.121493101755756
N(c1ccccc1)c2ccccc2,-0.21660487175923912
CCCCCC=O,0.835166859206185
COc1ccc(cc1)C(O)(C2CC2)c3cncnc3 ,0.21670217529911168
CCSC(=O)N(CC)C1CCCCC1 ,-0.16697498971731342
O=N(=O)c1cccc2ccccc12,-0.23378444631221335
c1ccc2c(c1)c3ccccc3c4ccccc24,-1.7541767942504354
CCN2c1cc(N(C)C)cc(C)c1NC(=O)c3cccnc23 ,-0.8689514943680121
N(Nc1ccccc1)c2ccccc2 ,0.06208600432234339
OC(c1ccc(Cl)cc1)(c2ccc(Cl)cc2)C(Cl)(Cl)Cl,-1.2483337657461937
CC12CCC3C(CCC4=CC(=O)CCC34C)C2CCC1C(=O)CO,-0.1908355099297778
CCC(C)C(=O)C,1.1358094138832346
CC12CCC(=O)C=C1CCC3C2CCC4(C)C3CCC4(O)C#C ,-1.2454705033206976
CSCS(=O)CC(CO)NC(=O)C=Cc1c(C)[nH]c(=O)[nH]c1=O,0.5101865739124221
ClCCC#N ,1.3171493674979629
Oc1cccc(O)c1,1.8420808121721768
OC3N=C(c1ccccc1Cl)c2cc(Cl)ccc2NC3=O,-0.2643259121841677
Cl\C=C/Cl,0.835166859206185
CCOC(=O)C=Cc1ccccc1,0.02390917198240055
Clc1cccc(Cl)c1,0.004820755812429133
CN(C)C(=O)Nc1cccc(c1)C(F)(F)F,-0.18129130184479209
CCCCN(C)C(=O)Nc1ccc(Cl)c(Cl)c1,-0.8207532435388337
CCc1ccccn1,1.6989176908973909
Oc2cc(O)c1C(=O)CC(Oc1c2)c3ccc(O)c(O)c3,-0.27196127865215625
CCCCCC(O)CC,0.5106637843166713
Cc1ccccc1N,0.4009053913393357
CCCBr,0.6299663853789925
CC(C)Cc1ccccc1,-0.5105664807767988
CC(=O)OCC(=O)C1(O)CCC2C3CCC4=CC(=O)CCC4(C)C3C(O)CC21C,-0.8732463880062553
Cc1cc(ccc1NS(=O)(=O)C(F)(F)F)S(=O)(=O)c2ccccc2,-0.3578591514170274
CC(C)Oc1cc(c(Cl)cc1Cl)n2nc(oc2=O)C(C)(C)C,-1.262650077873673
CCCC1COC(Cn2cncn2)(O1)c3ccc(Cl)cc3Cl,-0.21135555731249714
O=C1NC(=O)c2ccccc12 ,0.21002122963962175
c1c(NC(=O)OC(C)C(=O)NCC)cccc1,0.582245344954064
Oc1cc(Cl)c(Cl)c(Cl)c1Cl,-0.04767238865499216
CCCC(C)O,1.3171493674979629
Cc1cccc2c1ccc3ccccc32,-1.3361404801280616
CCOC=O,1.5271219453676483
CCCN(CCC)c1c(cc(cc1N(=O)=O)C(F)(F)F)N(=O)=O,-1.2550147114056829
O=C1NC(=O)NC(=O)C1(CC=C)CC=C,0.4643743751044906
Cn2c(=O)n(C)c1ncn(CC(O)CO)c1c2=O,1.3744146160078772
CCCC(C)C1(CC=C)C(=O)NC(=S)NC1=O ,-0.19560761397227056
Clc1ccc(Cl)c(Cl)c1Cl,-0.7253111626889771
CC1(C)C(C=C(Br)Br)C1C(=O)OC(C#N)c2cccc(Oc3ccccc3)c2,-2.5539814317722382
CCC1(C(=O)NC(=O)NC1=O)C2=CCC3CCC2C3,0.16898113487418312
CC(C)CCOC(=O)C,0.5392964085716284
ClC(Cl)(Cl)C(NC=O)N1C=CN(C=C1)C(NC=O)C(Cl)(Cl)Cl ,-0.5439712090742488
Clc1cccc(Cl)c1c2ccccc2 ,-1.030725821408519
ICI,0.3388680387869287
COC(=O)Nc2nc1ccc(cc1[nH]2)C(=O)c3ccccc3,-0.39603598375697024
CCN(CC(C)=C)c1c(cc(cc1N(=O)=O)C(F)(F)F)N(=O)=O,-1.4668961308923658
Cc1cccc(C)c1O,0.8399389632486779
CC(C)CCC(C)(C)C,-0.9543721567286336
BrC(Br)(Br)Br,-0.042900284612499416
CCCN(=O)=O,1.0737720613308277
CCCOC(=O)C,1.1119488936707709
Clc2c(Cl)c(Cl)c(c1ccccc1)c(Cl)c2Cl ,-2.3239660169240817
Cc1cncc(C)c1,1.6368803383449841
CC34CCC1C(CC=C2CC(O)CCC12C)C3CCC4=O,-0.5105664807767988
NC(=S)Nc1ccccc1,0.6108779692090212
CC(C)CC(C)(C)C,-0.8064369314113555
CN(C)C=Nc1ccc(Cl)cc1C,0.09071862857730052
O=C1NC(=O)NC(=O)C1(C(C)C)CC=C(C)C,0.2181338065118596
CC(=O)Nc1ccc(O)cc1,0.964013668353492
ClC(=C(Cl)Cl)Cl,0.24342595793707164
CC(C)CC(=O)C,1.1024046855857843
CCCCC(=O)OCC,0.3818169751693643
ClC1(C(=O)C2(Cl)C3(Cl)C14Cl)C5(Cl)C2(Cl)C3(Cl)C(Cl)(Cl)C45Cl,-1.0541091312167346
CCCC1C(=O)N3N(C1=O)c2cc(C)ccc2N=C3N(C)C ,-0.2328300255037149
CCCCCC(C)C,-0.9686884688561124
CCCC(=O)C,1.3648704079228915
CC(=O)Nc1ccc(cc1)N(=O)=O,0.17088997649118026
CC12CCC(O)CC1CCC3C2CCC4(C)C3CCC4=O,-0.6451398147750972
CCCCCCCCCCCCCCCO,-1.5747456822527042
COC(=O)c1ccccc1OC2OC(COC3OCC(O)C(O)C3O)C(O)C(O)C2O,1.101450264777286
COP(=S)(OC)Oc1cc(Cl)c(Br)cc1Cl,-1.45067097714789
C2c1ccccc1N(CCF)C(=O)c3ccccc23 ,-0.8345923452620634
Clc1ccc2ccccc2c1,-0.5201106888617842
CCN2c1nc(Cl)ccc1N(C)C(=O)c3cccnc23 ,-0.5077032183513029
CC(C)N(=O)=O,1.1596699340956989
NC(=O)c1ccccc1O,0.5870174489965568
CC(=C)C=C,0.4868032641042072
Sc1ccccc1,0.44385432772177136
Cc1c[nH]c2ccccc12 ,0.3006912064469859
Cn1c(=O)n(C)c2nc[nH]c2c1=O,0.7922179228237495
Nc1ccc(cc1)c2ccc(N)cc2,0.16707229325718598
Cc1ccc2ccccc2c1,-0.3435428392895489
CC(C)Cl,0.7826737147387638
Cc1cc(=O)n(c2ccccc2)n1C,1.7967458237684943
CCCCC1C(=O)N(N(C1=O)c2ccc(O)cc2)c3ccccc3 ,-0.3244544231195775
ClC(Cl)(Cl)C#N,0.4209482283178057
NC(N)=NC#N ,1.3076051594129772
CCCCI,0.042997588152371966
Nc1ccc(Cl)cc1,0.6633711136764425
C1CCCC1,0.1957049175121431
Brc1ccccc1Br,-0.214696030142242
CC(C)CCCO,0.9115205238860709
Nc3nc(N)c2nc(c1ccccc1)c(N)nc2n3,0.30832657291497445
Clc1ccc(cc1Cl)c2ccccc2 ,-1.5938340984226755
Oc1ccc(cc1)C2(OC(=O)c3ccccc23)c4ccc(O)cc4 ,0.0716302124073291
CCCCCCCCOC(=O)c1ccccc1C(=O)OCCCCCCCC ,-0.9853908330048374
CC(C)Br,0.6967758419738924
c1ccc(cc1)c2ccccc2,-0.6179388217328877
ClC(=C(Cl)C(=C(Cl)Cl)Cl)Cl,-0.8923348041762267
CC(OC(=O)Nc1cccc(Cl)c1)C#C,0.20668075680987671
CCCCCCCC,-1.0450421335359978
N#Cc1ccccc1C#N,0.3197796226169573
CCC(O)CC,1.341009887710427
Cc1c[nH]c(=O)[nH]c1=O ,0.7368615159308324
Cc1ccccc1C,0.11935125283225766
CCC(C(CC)c1ccc(O)cc1)c2ccc(O)cc2,-0.6585017060940769
BrCCBr,0.6538269055914568
CCCCCCCCCCCCCCCCCCCCCCCCCC,-2.521531124283286
Cn1ccc(=O)[nH]c1=O,1.0704315885010829
C=CCC=C,0.45817063984925
C1c2ccccc2c3cc4ccccc4cc13,-2.381231265433996
Cc1ccc(O)cc1C,0.7969900268662423
CCCCCCCCC,-1.3504567922555404
NC(=O)c1cccnc1 ,1.7466387313223195
CCC(=O)C,1.703689794939884
C1c2ccccc2c3ccc4ccccc4c13,-1.7322251156549682
CC(C)CC(C)O,1.0737720613308277
CCCCCOC(=O)C,0.5536127206991069
O=C1CCCCC1,1.1692141421806843
CC1(C)C(C=C(Cl)Cl)C1C(=O)OCc2cccc(Oc3ccccc3)c2,-1.5465902684019968
CN(C)C(=O)N(C)C ,1.9041181647245835
c1ccc2c(c1)sc3ccccc23,-0.6346411858816128
Cc1ccc2c(ccc3ccccc32)c1,-1.3313683760855688
C1CCC=CC1,0.2195654377246075
CCOC(=O)CC,1.1405815179257277
Oc1cccc2ncccc12 ,0.24342595793707164
CCCCC(=O)OC3(C(C)CC4C2CCC1=CC(=O)C=CC1(C)C2(F)C(O)CC34C)C(=O)CO,-0.7921206192838769
CC(=O)OC3(CCC4C2CCC1=CC(=O)CCC1C2CCC34C)C#C,-0.8350695556663125
CC1=CC(=O)CC(C)(C)C1 ,0.9496973562260136
CC(C#C)N(C)C(=O)Nc1ccc(Cl)cc1,-0.4055801918419559
ClC(Br)Br,0.5488406166566141
Brc1cccc(Br)c1,-0.23378444631221335
Cc1ccccc1,0.4009053913393357
CCCC(=O)CCC,0.835166859206185
CC(C)C(=O)C,1.3982751362203414
CCCCc1ccccc1,-0.4819338565218414
CCC(C)C(=O)OC2CC(C)C=C3C=CC(C)C(CCC1CC(O)CC(=O)O1)C23 ,-1.4101080927867011
c1ccc2c3c(ccc2c1)c4cccc5cccc3c45,-2.362142849264025
CC(C)C(C)C,-0.28627759077963466
c1cncnc1,1.9804718294044692
CCCCCCCBr,-0.6585017060940769
CC1CC2C3CCC(O)(C(=O)C)C3(C)CC(O)C2(F)C4(C)C=CC(=O)C=C14,-0.5005450622875638
CCOC(=O)c1ccccc1C(=O)OCC,0.3340959347444358
Clc1ccc(Cl)c(c1)c2c(Cl)c(Cl)cc(Cl)c2Cl ,-2.085360814799439
OCC1OC(C(O)C1O)n2cnc3c(O)ncnc23,0.8685715875036351
Oc1ccc(Cl)c(Cl)c1,0.8590273794186494
CC1=C(C(=O)Nc2ccccc2)S(=O)(=O)CCO1,0.3670234526376364
CCC(=O)OC3CCC4C2CCC1=CC(=O)CCC1(C)C2CCC34C ,-1.107079486088405
CCC1(C(C)C)C(=O)NC(=O)NC1=O ,0.4009053913393357
CC5(C)OC4CC3C2CCC1=CC(=O)C=CC1(C)C2(F)C(O)CC3(C)C4(O5)C(=O)CO ,-0.6012364575841627
CN(C)C(=O)Nc1cccc(OC(=O)NC(C)(C)C)c1 ,0.05731390027985042
CC(C)CC(C)C,-0.5773759373716985
Cc1cc(C)cc(C)c1,-0.16697498971731342
CC#C,1.2598841189880488
OC1CCCCC1,1.2455678068605702
CC2(C)C1CCC(C)(C1)C2=O,0.5727011368690783
CCCCCCCCCCCCO,-0.8350695556663125
CC34CCC1C(CCC2CC(O)CCC12C)C3CCC4=O,-0.5296548969467701
Clc1cccc(Cl)c1c2c(Cl)cccc2Cl ,-2.0710445026719606
CCSCc1ccccc1OC(=O)NC ,0.45817063984925
CC(C)CO,1.503261425155184
CC2Cc1ccccc1N2NC(=O)c3ccc(Cl)c(c3)S(N)(=O)=O ,-0.2557361249076806
CC1CCCCC1NC(=O)Nc2ccccc2,-0.5057943767343059
CC(=O)OC3(CCC4C2C=C(C)C1=CC(=O)CCC1(C)C2CCC34C)C(C)=O ,-1.097535278003419
Oc1cc(Cl)cc(Cl)c1,0.8160784430362137
CCc1ccccc1C,-0.07630501290994929
CC1(C)C2CCC1(C)C(O)C2,0.3484122468719145
NC(=S)N,1.6082477140900269
O=C(Cn1ccnc1N(=O)=O)NCc2ccccc2,0.11457914878976468
ClCCCCl,0.6824595298464139
CCCOC,1.2694283270730344
CCCCCC#C,0.0191370679399078
Clc1ccc(Cl)c(c1)c2cc(Cl)c(Cl)c(Cl)c2Cl,-2.209435519904253
CC34CCC1C(CCc2cc(O)ccc12)C3CC(O)C4O ,-0.9090371683249516
CCCCCCCCBr,-0.9591442607711264
CCC(=O)Nc1ccc(Cl)c(Cl)c1,0.02390917198240055
COc2c1occc1c(OC)c3c(=O)cc(C)oc23 ,0.013887753493165398
CC(C)C(C)C(C)C,-0.8350695556663125
c2ccc1[nH]ccc1c2,0.7301805702713424
CCOC(=O)N(C)C(=O)CSP(=S)(OCC)OCC,0.253924586830556
CC(C)C(C)O,1.3696425119653843
O=C1NC(=O)NC(=O)C1(CC)c1ccccc1,0.3474578260634158
O=C2NC(=O)C1(CCCCCC1)C(=O)N2 ,-0.056262175931479405
O2c1ccc(N)cc1N(C)C(=O)c3cc(C)ccc23 ,-0.418942083160936
COc1cc(CC=C)ccc1O,0.7110921541013709
COc1ccccc1OCC(O)COC(N)=O,0.98548813654471
CCCCCCC(C)O,0.45817063984925
NC(=O)c1ccccc1,0.997418396650942
Nc1nc[nH]n1,1.7046442157483823
ClC(Cl)(Cl)N(=O)=O,0.5011195762316856
CC(=C)C1CC=C(C)C(=O)C1,0.4724869519767285
c1cc2ccc3ccc4ccc5cccc6c(c1)c2c3c4c56,-2.8479430407897968
c3ccc2c(O)c1ccccc1cc2c3 ,-0.8016648273688628
O=C1NC(=O)NC(=O)C1(C(C)CCC)CC=C,0.33123267231894016
CN(C=Nc1ccc(C)cc1C)C=Nc2ccc(C)cc2C,-1.1548005265133334
Cc1c(cc(cc1N(=O)=O)N(=O)=O)N(=O)=O,-0.08107711695244225
CCCOCC,1.1405815179257277
CCN(Cc1c(F)cccc1Cl)c2c(cc(cc2N(=O)=O)C(F)(F)F)N(=O)=O,-1.779946156079897
Nc1cccc(c1)N(=O)=O,0.4104495994243215
CCOP(=S)(OCC)SCSCC,-0.5057943767343059
Cc1cccc2c1Cc3ccccc32,-1.0354979254510122
OCC(O)C(O)C(O)C(O)CO,1.9756997253619764
Sc1nccc(=O)[nH]1 ,0.3708411358716307
CN1CC(O)N(C1=O)c2nnc(s2)C(C)(C)C,0.5598164559543476
Cc1ccc(Cl)cc1,-0.014267660357542284
ClC(Cl)C(Cl)Cl,0.6251942813364997
ClCC#N,1.4116370275393213
O=C1NC(=O)NC(=O)C1(CC)CCC(C)C,0.18711513023565607
CC1CCCCC1,-0.3817196716294918
c1ccc2c(c1)cnc3ccccc23 ,0.12889546091724335
CCCCCCC(=O)OCC,0.14798387708721455
Cc1ccc(cc1)S(=O)(=O)N,0.6251942813364997
CSc1nnc(c(=O)n1N)C(C)(C)C,0.3803853439566165
CCN2c1nc(N(C)(CCO))ccc1NC(=O)c3cccnc23 ,-0.14788657354734197
CC1(C)C(C=C(Cl)Cl)C1C(=O)OC(C#N)c2ccc(F)c(Oc3ccccc3)c2,-2.0457523512467493
ClC2=C(Cl)C3(Cl)C1C=CCC1C2(Cl)C3(Cl)Cl ,-1.2359262952357115
COP(=S)(OC)SCC(=O)N(C)C=O,0.503505628252932
Fc1ccc(F)cc1,0.5154358883591641
FC(F)(Cl)C(F)(Cl)Cl,0.004820755812429133
CC12CC(O)C3C(CCC4=CC(=O)CCC34C)C2CCC1(O)C(=O)CO,-0.019039764400035037
C1CCOC1,1.6893734828124054
CNC(=O)Oc1ccccc1OC(C)C,0.4772590560192214
COC(=O)c1ccc(O)cc1,0.5836769761668119
CCOc1ccc(cc1)C(C)(C)COCc3cccc(Oc2ccccc2)c3,-2.648469091813596
CCCCOC(=O)CCCCCCCCC(=O)OCCCC,-0.4036713502249588
COP(=O)(OC)C(O)C(Cl)(Cl)Cl,1.350554095795413
Clc1cc(Cl)c(Cl)c(Cl)c1Cl,-1.240698399278205
Cc1c2ccccc2c(C)c3ccccc13,-1.6797319711875471
Clc1ccc(c(Cl)c1)c2ccc(Cl)c(Cl)c2Cl ,-2.266700768414168
Nc1ccccc1N(=O)=O,0.520207992401657
Clc1ccc(Cl)c(c1)c2c(Cl)c(Cl)c(Cl)c(Cl)c2Cl,-2.8107206292583524
CC34CC(=O)C1C(CCC2=CC(=O)CCC12C)C3CCC4(=O) ,-0.20515182205725627
CCOP(=S)(OCC)Oc1ccc(cc1)S(C)=O ,0.3579564549569001
CCCCCCCCl,-0.4533012322668845
CNc1ccccc1,0.8447110672911708
CCOCC,1.41259144834782
c1ccoc1,1.064227853245842
C1CCCCCC1,-0.2194681341847347
CC(C)N(C(=O)CCl)c1ccccc1 ,0.2720585821920288
CCCCCc1ccccc1,-0.7587158909864268
c2(Cl)c(Cl)c(Cl)c1nccnc1c2(Cl) ,-1.135712110343362
CCC(C)(O)CC,1.2837446392005132
FC(F)(F)c1cccc(c1)N2CC(CCl)C(Cl)C2=O,-0.4757301212666008
CNC(=O)Oc1cccc2ccccc12,-0.0829859585694394
Cc1cc(C)c2ccccc2c1,-0.5916922494991772
CCN(CC)C(=S)SSC(=S)N(CC)CC,-0.8637021799212697
Clc1ccc(CN(C2CCCC2)C(=O)Nc3ccccc3)cc1,-1.367159156404265
CC(=O)OCC(=O)C3(O)CCC4C2CCC1=CC(=O)C=CC1(C)C2C(O)CC34C ,-0.62986908183912
C1(=O)NC(=O)NC(=O)C1(O)C2(O)C(=O)NC(=O)NC2(=O),0.5058916802741784
ClC=C(Cl)Cl,0.520207992401657
COc1ccc(C=O)cc1,0.744496882398821
CC34CCC1C(CCC2CC(=O)CCC12C)C3CCC4O ,-0.8078685626241034
CCO,1.9804718294044692
COc1ccccc1O ,0.520207992401657
Nc1ccccc1,1.2598841189880488
CCOC(=O)N,1.8611692283421482
c1cc(C)cc2c1c3cc4cccc5CCc(c45)c3cc2,-2.3239660169240817
CCCI,0.36272855899939294
Brc1cc(Br)c(Br)cc1Br,-1.875388236929754
Nc1ccc(O)cc1,1.0737720613308277
Oc1c(Cl)c(Cl)cc(Cl)c1Cl,-0.15265867758983495
Clc1cccc(c1)N(=O)=O,0.1336675649597361
CCCC(C)(C)CO,0.7301805702713424
CC(=O)SC4CC1=CC(=O)CCC1(C)C5CCC2(C)C(CCC23CCC(=O)O3)C45,-0.5358586322020108
CC(=O)c1ccccc1,0.8447110672911708
CCCCCCc1ccccc1,-1.030725821408519
O=Cc1ccccc1,0.8876600036736065
CCc1ccc(C)cc1,-0.028583972485020745
Brc1ccc2ccccc2c1,-0.6441853939665987
CCCCN(CC)c1c(cc(cc1N(=O)=O)C(F)(F)F)N(=O)=O,-1.1834331507682907
CCC(C)(C)C,-0.2385565503547061
CC1CC(C)C(=O)C(C1)C(O)CC2CC(=O)NC(=O)C2 ,0.9162926279285636
Oc1ccc(Cl)c(Cl)c1Cl,0.18138860538466464
Cc1ncc(N(=O)=O)n1CCO ,0.8542552753761565
c1(C(C)(C)C)cc(C(C)(C)C)cc(OC(=O)NC)c1,-0.567831729286713
CCCCOc1ccc(C(=O)OCC)c(c1)N(CC)CC ,-0.3769475675869988
CCCC1CCCC1,-0.8064369314113555
Clc1cc(Cl)cc(Cl)c1,-0.6823622263065415
CCCOC(C)C,0.8160784430362137
CCOP(=S)(OCC)SC(CCl)N2C(=O)c1ccccc1C2=O,-1.569973578210211
CC(C)N(C(C)C)C(=O)SCC(Cl)=C(Cl)Cl,-0.8732463880062553
CCOc1ccc(NC(N)=O)cc1,0.4199938075093072
Brc1ccccc1,0.2386538538945789
CC(=O)N(S(=O)c1ccc(N)cc1)c2onc(C)c2C ,-0.25764496652467755
CCCCOC,0.9831020845234634
CCCCCCl,0.1527559811297075
c1ccc2cnccc2c1,0.7635852985687924
C1c2ccccc2c3ccccc13,-0.9305116365161696
CNC(=O)Oc1cccc2CC(C)(C)Oc12,0.11935125283225766
OC1C(O)C(O)C(O)C(O)C1O,1.6225640262175054
Clc1ccccc1,0.3197796226169573
CNC(=O)Oc1cc(C)cc(C)c1,0.2238603313628508
CSSC,0.7683574026112853
Clc1cc(Cl)c(cc1Cl)c2cc(Cl)c(Cl)cc2Cl ,-2.6293806756436244
CCOc1ccc(NC(=O)C)cc1,0.3340959347444358
CCc1ccc(CC)cc1,-0.33399863120456325
COC(=O)C,1.6750571706849269
OCC3OC(OCC2OC(OC(C#N)c1ccccc1)C(O)C(O)C2O)C(O)C(O)C3O ,1.0880883734583062
CCc1ccc2ccccc2c1,-0.5916922494991772
CCCC#C,0.6729153217614282
CCCCCCCCO,0.31500751857446435
c1c(OC)c(OC)C2C(=O)OCC2c1,0.5493178270608634
Nc3cc2c1ccccc1ccc2c4ccccc34 ,-1.5031641216153115
CCOC(=O)c1ccc(O)cc1,0.3340959347444358
Cn1cnc2n(C)c(=O)[nH]c(=O)c12 ,0.25153853480930943
CCCCC(C)(O)CC,0.6920037379313996
COC(=O)Nc1cccc(OC(=O)Nc2cccc(C)c2)c1,-0.8374556076875588
Clc1cccc(Br)c1,-0.07630501290994929
c1ccccc1SC,0.31500751857446435
CCCOP(=S)(OCCC)SCC(=O)N1CCCCC1C,-0.5248827929042774
CCN(CC)c1c(cc(c(N)c1N(=O)=O)C(F)(F)F)N(=O)=O,-1.1548005265133334
C=CCS(=O)SCC=C,1.059455749203349
CC(C)OC(C)C,0.930608940056042
C=CC=O,1.727550315152348
CN(C)C(=O)NC1CC2CC1C3CCCC23,-0.057693807144227324
Cc2cnc1cncnc1n2,1.0480026995013665
CCC(C)CC,-0.3005939029071133
O=C1NC(=O)C(N1)(c2ccccc2)c3ccccc3,-0.4995906414790653
ClC1(C2(Cl)C3(Cl)C4(Cl)C5(Cl)C1(Cl)C3(Cl)Cl)C5(Cl)C(Cl)(Cl)C24Cl,-1.7894903641648825
CN(C)C(=O)Nc1ccc(Cl)cc1,0.07640231644982184
COC(=O)c1cccnc1 ,1.2360235987755843
CC(C)OC(=O)C(O)(c1ccc(Br)cc1)c2ccc(Br)cc2 ,-0.8971069082187194
COc1ccc(cc1)N(=O)=O,0.3054633104894787
O=C1NC(=O)NC(=O)C1(CC)CC=C(C)C,0.3803853439566165
CC1(C)CON(Cc2ccccc2Cl)C1=O,0.33982245959542723
CCCCCCCCCCCCCCO,-1.3313683760855688
Clc2ccc1oc(=O)[nH]c1c2,0.10455773030052952
CC(C)NC(=O)N1CC(=O)N(C1=O)c2cc(Cl)cc(Cl)c2,-0.6327323442646158
COc2cnc1cncnc1n2,1.0212789168634062
CC(C)COC=O,0.973557876438478
COC=O,1.7323224191948408
Clc2ccc(Oc1ccc(cc1)N(=O)=O)c(Cl)c2,-1.1500284224708406
CC1CO1,1.1739862462231776
Cc1ccc(cc1)c2ccccc2,-0.7491716829014412
CCCCCCCCCC(=O)OCC,-0.5010222726918128
CCc1ccccc1,0.1336675649597361
Oc1c(Cl)c(Cl)c(Cl)c(Cl)c1Cl,-0.5869201454566844
CC4CC3C2CCC1=CC(=O)C=CC1(C)C2(F)C(O)CC3(C)C4(O)C(=O)COC(C)=O ,-0.8827905960912412
CCCCO,1.4555403847302557
Clc1ccc(Cl)cc1,-0.10493763716490642
CC1=CCCCC1,-0.10493763716490642
c2c(C)cc1nc(C)ccc1c2 ,0.5297522004866427
Nc1nccs1 ,1.2837446392005132
Nc1ccc(cc1)S(N)(=O)=O,0.8160784430362137
CCC1(CCC(=O)NC1=O)c2ccccc2 ,0.3402996699996764
CNN,2.0950023264242974
Nc1cc[nH]c(=O)n1 ,0.9043623678223316
C,1.026051020905899
CCCCCC1CCCC1,-1.4458988731053974
O=C1NC(=O)NC(=O)C1(C)CC=C,0.9019763158010852
ClC(Cl)C(c1ccc(Cl)cc1)c2ccc(Cl)cc2,-1.9803745258645968
CC=CC=O,1.6082477140900269
CC1CC2C3CC(F)C4=CC(=O)C=CC4(C)C3(F)C(O)CC2(C)C1(O)C(=O)CO,-1.2230416143209817
Cc1ncc(N(=O)=O)n1CCO,0.8733436915461279
CNC(=O)Oc1ccccc1C(C)C,0.0892869973645526
O=C1N(COC(=O)CCCCC)C(=O)C(N1)(c2ccccc2)c3ccccc3,-1.3533200546810362
ClC(Cl)Cl,0.8972042117585922
Clc1cc(c(Cl)c(Cl)c1Cl)c2cc(Cl)c(Cl)c(Cl)c2Cl,-2.9157069181931954
OCC1OC(O)(CO)C(O)C1O,1.7609550434497985
ClC(Cl)C(Cl)(Cl)Cl,0.21479333368211453
O=C1N(COC(=O)CCC)C(=O)C(N1)(c2ccccc2)c3ccccc3,-0.9643935752178696
CC(=O)OCC(COC(=O)C)OC(=O)C,1.1692141421806843
CN(C)C(=O)C,1.9852439334469625
Nc1nc(=O)[nH]cc1F,0.9916918717999508
Cc2ncc1nccnc1n2,1.3982751362203414
CCCCCCCCCCCCCCCC,-2.553027010963739
CCN(CC)C(=O)C(C)Oc1cccc2ccccc12 ,-0.24810075843969184
CCC(C)(C)CC,-0.5630596252442203
Clc1ccc(c(Cl)c1)c2c(Cl)ccc(Cl)c2Cl ,-2.090132918841932
CC45CCC2C(CCC3CC1SC1CC23C)C4CCC5O,-1.1261679022583764
CC34CCC1C(CCC2=CC(=O)CCC12O)C3CCC4(O)C#C,-0.7253111626889771
CCS,1.1692141421806843
BrC(Cl)Cl,0.7206363621863567
Clc1ccc(c(Cl)c1)c2cc(Cl)c(Cl)c(Cl)c2Cl ,-2.0710445026719606
c1ccc2ccccc2c1,-0.2624170705671705
COc2ccc(Oc1ccc(NC(=O)N(C)C)cc1)cc2,-0.5296548969467701
CN(C(=O)COc1nc2ccccc2s1)c3ccccc3,-0.8699059151765104
FC(F)(F)C(Cl)Br ,0.6395105934639783
CCCC(C)(C)C,-0.6250969777966272
CN(C)C(=O)OC1=CC(=O)CC(C)(C)C1 ,1.0499115411183633
CCN2c1cc(Cl)ccc1NC(=O)c3cccnc23 ,-1.1023073820459124
CCC1(CC)C(=O)NC(=O)N(C)C1=O ,0.3913611832543501
CCC1CCCCC1,-0.5726038333292057
COCC(=O)N(C(C)C(=O)OC)c1c(C)cccc1C ,0.6915265275271504
c1ccc2c(c1)[nH]c3ccccc32,-1.0593584456634764
COP(=S)(OC)Oc1ccc(Sc2ccc(OP(=S)(OC)OC)cc2)cc1,-1.520820906572535
OCC2OC(OC1(CO)OC(CO)C(O)C1O)C(O)C(O)C2O ,1.8325366040871909
CC(C)CBr,0.2959191024044929
CCCCC(CC)CO,0.4486264317642643
CCCCOCCCC,0.5727011368690783
CCCCC1(CC)C(=O)NC(=O)NC1=O,0.6628939032721932
CNC(=O)Oc1cccc(N=CN(C)C)c1,0.3388680387869287
Cc1cccnc1C,1.6368803383449841
Cc3nnc4CN=C(c1ccccc1Cl)c2cc(Cl)ccc2n34,-0.4962501686493201
Nc1ccccc1O,1.1119488936707709
COCOC,1.6846013787699126
Cc1cccc(C)c1C,-0.07153290886745654
c1cccc2c3c(C)cc4ccccc4c3ccc12,-1.6892761792725326
O=C2CN(N=Cc1ccc(o1)N(=O)=O)C(=O)N2 ,-0.1574307816323277
O=N(=O)c1cccc(c1)N(=O)=O,0.36272855899939294
O=C(c1ccccc1)c2ccccc2,-0.033356076527513705
NC(=N)NS(=O)(=O)c1ccc(N)cc1 ,0.5058916802741784
NS(=O)(=O)c1cc(ccc1Cl)C2(O)NC(=O)c3ccccc23,-0.19131272033402705
CC(C)C(C)(C)C,-0.6250969777966272
Clc1cc(Cl)c(c(Cl)c1)c2c(Cl)cc(Cl)cc2Cl ,-2.700962236281017
CCCCC(C)(C)O,0.9401531481410278
COc1cc(cc(OC)c1O)C6C2C(COC2=O)C(OC4OC3COC(C)OC3C(O)C4O)c7cc5OCOc5cc67,-0.2485779688439413
OCC(O)C(O)C(O)C(O)CO ,1.4841730089852128
Oc1ccccc1Cl,0.9496973562260136
CCCCC=C,-0.085849220994935
ClC1=C(Cl)C2(Cl)C3C4CC(C=C4)C3C1(Cl)C2(Cl)Cl,-1.5542256348699852
CCN2c1cc(OC)cc(C)c1NC(=O)c3cccnc23 ,-1.00352482836631
CCCC(=O)OC,0.5392964085716284
ClC(Cl)C(c1ccc(Cl)cc1)c2ccccc2Cl ,-1.65109934693259
NS(=O)(=O)c2cc1c(N=CNS1(=O)=O)cc2Cl ,4.8651769936384294e-05
Clc1ccc(cc1)N(=O)=O,0.06208600432234339
CNC(=O)Oc1ccccc1C2OCCO2,0.7063200500588781
CCCCc1c(C)nc(NCC)nc1OS(=O)(=O)N(C)C ,-0.5296548969467701
CCOP(=O)(OCC)OCC,1.6607408585574484
CC(C)N(C(C)C)C(=O)SCC(=CCl)Cl,-0.5897834078821802
CCC=O,1.7323224191948408
CCCCCCCC(=O)OCC,-0.16220288567482066
C1CCC2CCCCC2C1,-1.021181613323534
CC34CCC1C(CCc2cc(O)ccc12)C3CCC4(O)C#C ,-0.5964643535416699
Cc1cccc2ccccc12,-0.31013811099209904
CC(C)c1ccccc1C,-0.33877073524705603
Oc1cccc(Cl)c1,1.121493101755756
COP(=O)(OC)OC(=CCl)c1cc(Cl)c(Cl)cc1Cl,-0.7024050632850114
CCc1cccc2ccccc12,-0.5344270009892629
c1ccncc1,1.818220291959712
O=N(=O)c1ccccc1N(=O)=O,-0.023811868442527997
COC(=O)c1ccccc1C(=O)OC,0.6633711136764425
CC(C)COC(=O)C,0.8781157955886207
Cc1cccc(N)c1,1.0499115411183633
O=c2[nH]c(=O)c1[nH]c(=O)[nH]c1[nH]2 ,-0.4198965039694346
Clc1cc(Cl)c(c(Cl)c1)c2c(Cl)cccc2Cl,-2.037639774374511
Cc1cc(C)c(O)c(C)c1,0.4772590560192214
ClCBr,1.0308231249483921
c1c(Br)ccc2ccccc12 ,-0.6441853939665987
CCNc1nc(NC(C)(C)C)nc(SC)n1,-0.4533012322668845
CCC(C)O,1.6798292747274195
CCCCCCCCCCCCCCCCCCCC,-2.444223038794902
CCCOC(=O)CC,1.064227853245842
CC(=C)C,0.3436401428294215
Brc1ccc(I)cc1,-0.7205390586464839
CC34CC(O)C1(F)C(CCC2=CC(=O)C=CC12C)C3CC(O)C4(O)C(=O)CO,-0.3005939029071133
CN(C)C(=O)SCCCCOc1ccccc1,-0.4184648727566867
Oc1cccc2cccnc12 ,0.3006912064469859
c1c(O)C2C(=O)C3cc(O)ccC3OC2cc1(OC),0.05111016502460977
CC1OC(CC(O)C1O)OC2C(O)CC(OC2C)OC8C(O)CC(OC7CCC3(C)C(CCC4C3CCC5(C)C(CCC45O)C6=CC(=O)OC6)C7)OC8C ,-1.0703342849612092
CCN2c1ccccc1N(C)C(=S)c3cccnc23 ,-0.7902117776668799
CC(C)Nc1nc(Cl)nc(NC(C)C)n1,-0.6585017060940769
CC(C)=CCC/C(C)=C\CO,0.2816027902770145
O=N(=O)OCC(CON(=O)=O)ON(=O)=O ,0.3961332872968428
OC(C1=CC2C5C(C1C2=C(c3ccccc3)c4ccccn4)C(=O)NC5=O)(c6ccccc6)c7ccccn7 ,-0.4203737143736838
CCOC(=O)CC(SP(=S)(OC)OC)C(=O)OCC,-0.15265867758983495
CCC(C)CCO,1.1167209977132633
CN(C)C(=O)NC1CCCCCCC1,0.39708770810534144
CC1=C(SCCO1)C(=O)Nc2ccccc2,-0.042900284612499416
CCCC=O,1.4507682806877629
Sc2nc1ccccc1s2 ,-0.061988700782470825
CCCC=C,0.1766165013421717
CC/C=C\C,0.24342595793707164
CC(C)C(=O)C(C)C,0.835166859206185
ClCCBr,0.8256226511211994
C(Cc1ccccc1)c2ccccc2,-0.7491716829014412
Cc1cccc(C)c1,0.10980704474727193
Clc1ccc(cc1)c2cc(Cl)ccc2Cl ,-1.5270246418277758
O=C1N(COC(=O)CC)C(=O)C(N1)(c2ccccc2)c3ccccc3,-0.8861310689209859
Oc1ccc(cc1)N(=O)=O,1.1024046855857843
O=C1N(C2CCC(=O)NC2=O)C(=O)c3ccccc13,0.17852534295916886
CCCC(O)C=C,1.1739862462231776
CCCCCCBr,-0.3626312554595204
C(c1ccccc1)c2ccccc2,-0.4914780646068273
C=CC#N,1.5271219453676483
CCCCCCCO,0.5917895530390497
Fc1ccccc1Br,0.16707229325718598
CC12CC2(C)C(=O)N(C1=O)c3cc(Cl)cc(Cl)c3,-0.8350695556663125
Cc1ncnc2nccnc12,1.2331603363500887
CC(=O)Nc1ccc(F)cc1,0.6061058651665283
CCOC(=O)CC(=O)OCC,1.064227853245842
Cc1occc1C(=O)Nc2ccccc2,-0.11925394929238488
OC(CC(c1ccccc1)c3c(O)c2ccccc2oc3=O)c4ccc(cc4)c5ccc(Br)cc5 ,-0.6656598621578165
CCCCCCCCCC(C)O,0.052541796237357684
CCCCCCCC(=O)OC,-0.05721659673997787
Nc1cccc(Cl)c1,0.8017621309087352
Brc1ccc(Br)cc1,-0.4867059605643346
Oc1ccc(Cl)cc1Cc2cc(Cl)ccc2O,-0.43087234326716795
CC(=O)CC(c1ccc(Cl)cc1)c2c(O)c3ccccc3oc2=O,-1.3308911656813198
CC(C)O,1.6607408585574484
Cc1ccc(C)cc1,0.1336675649597361
CCCOC(=O)c1ccc(N)cc1,0.2854204735110088
Nc1cc(nc(N)n1=O)N2CCCCC2 ,0.5063688906784277
CC(C)OP(=S)(OC(C)C)SCCNS(=O)(=O)c1ccccc1,-0.5487433131167416
CCC(C)n1c(=O)[nH]c(C)c(Br)c1=O ,0.25153853480930943
O=C1N(COC(=O)C)C(=O)C(N1)(c2ccccc2)c3ccccc3,-0.6775901222640484
c1cc(O)c(O)c2OCC3(O)CC4=CC(=O)C(O)=CC4=C3c21,0.16707229325718598
CI,0.9783299804809706
CCSCC,0.8160784430362137
O=c2c(C3CCCc4ccccc43)c(O)c1ccccc1o2 ,0.10026283666228622
NNc1ccccc1,1.4889451130277056
CCCCc1c(C)nc(NCC)[nH]c1=O,0.010547280663420559
Cc1c(cccc1N(=O)=O)N(=O)=O,0.02390917198240055
c1ccccc1NC(=O)c2c(O)cccc2,-0.25764496652467755
CCN2c1nc(C)cc(C(F)(F)F)c1NC(=O)c3cccnc23 ,-0.5520837859464864
CC1CC2C3CCC4=CC(=O)C=CC4(C)C3(F)C(O)CC2(C)C1(O)C(=O)CO,-0.25764496652467755
Clc1ccccc1I,-0.23378444631221335
Oc1ccncc1,1.9422949970645265
CC=C(C(=CC)c1ccc(O)cc1)c2ccc(O)cc2,-0.9066511163037052
Cc1ccc(N)cc1,0.8781157955886207
c1(Br)c(Br)cc(Br)cc1,-0.691906434391527
Cc1ccc(O)c(C)c1,0.8876600036736065
Fc1c[nH]c(=O)[nH]c1=O ,0.9415847793537756
CC#N,1.5796150898350696
CCOP(=S)(OCC)SCSc1ccc(Cl)cc1,-1.281738494043644
CCCCCCC,-0.7062227465190056
CCC(O)C(C)C,1.121493101755756
CC=C,0.9401531481410278
CCC,0.5297522004866427
CCC#CCC,0.5058916802741784
CC(C)(C)Cc1ccccc1,-0.5248827929042774
Nc1cccc2ccccc12,0.5392964085716284
CCCCc1c(C)nc(nc1O)N(C)C ,0.3865890792118571
CCCCCCO,0.8637994834611422
CC(=O)C(C)(C)C,1.1119488936707709
Oc1cccc2ccccc12,0.3961332872968428
CN2C(=C(O)c1ccccc1S2(=O)=O)C(=O)Nc3ccccn3 ,-0.5296548969467701
Oc1cc(Cl)cc(Cl)c1Cl,0.18138860538466464
Cc1ccc(Br)cc1,-0.06676080482496358
CC1CCCO1,1.5080335291976767
CCCCCCCCCCCCCC,-2.3430544330940535
COC(=O)C=C,1.350554095795413
Clc1ccc(Cl)c(Cl)c1,-0.25764496652467755
CN(C)c1nc(nc(n1)N(C)C)N(C)C,-0.14979541516433914
COc1cccc(Cl)c1,0.12889546091724335
CC(C)C,0.2386538538945789
COc1nc(NC(C)C)nc(NC(C)C)n1,0.2730130030005272
CCOC2Oc1ccc(OS(C)(=O)=O)cc1C2(C)C,-0.17651919780229913
